Amalle,Prattin,aprattin0@comsenz.com
Umberto,Tunnoch,utunnoch1@aboutads.info
Britni,Bunworth,bbunworth2@cdc.gov
Benny,Sowerbutts,bsowerbutts8@comcast.net
das,dsa,das
Fletch,Hardage,fhardage2q@prweb.com
Shem,Norbury,snorbury2r@cdbaby.com
a,b,dsa@dsa
